"","x","y"
"1",0.00353664139722181,0.00237082610288328
"2",0.00440100005766143,0.00287370193857538
"3",0.00526535871810104,0.00337657777426749
"4",0.00612971737854066,0.0038794536099596
"5",0.00699407603898027,0.00438232944565171
"6",0.0078683955414352,0.00486768025447658
"7",0.00874384394199803,0.00535099184957025
"8",0.00961929234256086,0.00583430344466392
"9",0.0104947407431237,0.00631761503975759
"10",0.0104860698034678,0.00531765263306147
"11",0.0107304274478576,0.00434796745650764
"12",0.0109849585556663,0.00338090286964816
"13",0.0107855243786393,0.00240099164457031
"14",0.0108913674718333,0.00140660880098183
"15",0.0105799970258645,0.000456320189360517
"16",0.0100314332030689,-0.000379788495153618
"17",0.0095305314861216,-0.00124529266611943
"18",0.0089984833156229,-0.00209200675261438
"19",0.0083064830451688,-0.00281390399301046
"20",0.00752033902875462,-0.00343194734541883
"21",0.00661459811652225,-0.00385577915157366
"22",0.00567920515229403,-0.00350216919346678
"23",0.00496442434693007,-0.00280282063925132
"24",0.00432124072911623,-0.00203710866090966
"25",0.00382260443127272,-0.00117029735360402
"26",0.00353669195639409,-0.000212041617013425
"27",0.00305127930744622,0.000662243553992812
"28",0.00259861830006257,0.00155392623992678
"29",0.00233743437592519,0.00251921529392678
"30",0.00198536965266051,0.00345519095099942
"31",0.00179434511944963,0.00443677621357805
"32",0.00182049898982715,0.00543643414260392
"33",0.00209036387974488,0.00639933234137141
"34",0.0024194436193795,0.00734363447785211
"35",0.00215493691915072,0.00830801832546368
"36",0.00261169118026027,0.00919761123514668
"37",0.0031695731646599,0.0100275315273931
"38",0.00359137441118499,0.0109342198467343
"39",0.00403053321808928,0.0118326292981085
"40",0.00460495598251228,0.0126511880850704
"41",0.0052899801933204,0.0133797083871944
"42",0.00603716226992868,0.0140443277853429
"43",0.00671019272715815,0.014783942552395
"44",0.00766503696097325,0.0150810494172602
"45",0.00859840031425866,0.0154399823507503
"46",0.00952877530858986,0.0158065916385803
"47",0.0104956611658527,0.016061800844968
"48",0.0114956607760716,0.016062683773172
"49",0.0124913056157967,0.0159694563462598
"50",0.0134872245534034,0.0158792040902412
"51",0.0144871165193491,0.0158939029486032
"52",0.0154645099316739,0.015682474195724
"53",0.0163463486984039,0.0152109231491848
"54",0.0172237679133085,0.0147311987269211
"55",0.0181250845184358,0.0142980378130314
"56",0.0180478696358054,0.0152950522872997
"57",0.0173524937607636,0.0160136985093101
"58",0.0170978280983623,0.0169807276714318
"59",0.016187483478361,0.017394578698777
"60",0.0151967765308853,0.0175305924636074
"61",0.0142043615993963,0.017653525794148
"62",0.0132064617185809,0.017718301004441
"63",0.0122290639622675,0.0175068923339622
"64",0.0112416199633866,0.0173489228778195
"65",0.0102570122005842,0.0171741442938075
"66",0.00929024993244514,0.0169184673161527
"67",0.00831343819749659,0.016704367259014
"68",0.00771219620714079,0.0159053002599251
"69",0.00689587328909756,0.0153277044726504
"70",0.00623843106641887,0.0145741995132512
"71",0.00563591318604947,0.0137760941293355
"72",0.00494958792858926,0.0130487993878639
"73",0.00439761459283958,0.012214937626766
"74",0.00389677395013661,0.0113493981125803
"75",0.00305264560301178,0.0108132569617811
"76",0.00274890480311506,0.00986050225752707
"77",0.00270466368521096,0.00886148137511941
"78",0.00280358137488748,0.00786638575626207
"79",0.00287450658756265,0.00686890412023714
"80",0.00261423825206405,0.00590336779594023
"81",0.00275933100729182,0.00491394973850423
"82",0.00310846559918447,0.00397687714967029
"83",0.00345712000612593,0.00303962579356548
"84",0.00387858411394922,0.00213278070987328
"85",0.00429970891462555,0.00122577800742123
"86",0.00492639562716336,0.000446506704004663
"87",0.00543778589020863,-0.000412841885836785
"88",0.0060036758151025,-0.00123732268785925
"89",0.00674274427592584,-0.00191095300948693
"90",0.00751536532153477,-0.0025458204916296
"91",0.00807705180930311,-0.00337317065296303
"92",0.00889160441330162,-0.0039532603488888
"93",0.00978452393831988,-0.0044034766545033
"94",0.0107801173997046,-0.00449725116942092
"95",0.0117685613463698,-0.00434566434842092
"96",0.0127669417834633,-0.00440255461849329
"97",0.0137587431839463,-0.00453034343647078
"98",0.0147578542342425,-0.00457249920921789
"99",0.0157272953834821,-0.00432717522310759
"100",0.0167241974473106,-0.00424852234563582
"101",0.0176644884876904,-0.00390815084362467
"102",0.0186035038242005,-0.00356427557874077
"103",0.0194957401347043,-0.00311270679525538
"104",0.0204957072834572,-0.00312081243619329
"105",0.0214456757588975,-0.00280846664116854
"106",0.0222144141955588,-0.00216890334015792
"107",0.0229202892178108,-0.00146056694199621
"108",0.0237911396503539,-0.000969018852650534
"109",0.0244627211417413,-0.000228088153849357
"110",0.0250451611412832,0.000584785542941
"111",0.025660412420451,0.00137311660504775
"112",0.0263020846077267,0.00214009561654466
"113",0.0271524945050866,0.00266621633127882
"114",0.0277058205576312,0.0034991810841798
"115",0.0280485815997969,0.00443860370897309
"116",0.0280611661592009,0.00543852452026997
"117",0.0277208076101879,0.00637882024934344
"118",0.027465477122849,0.00734567408640221
"119",0.0268666526837044,0.00814655440897427
"120",0.0267156568907569,0.00913508881429973
"121",0.0261918998404524,0.00998695649901156
"122",0.0266002768747758,0.0108997698412876
"123",0.0275951119921761,0.01100127397513
"124",0.0284360664328714,0.0104601680440269
"125",0.0292555573108906,0.00988707581685635
"126",0.0300494250321686,0.00927898532925368
"127",0.0305732225169008,0.00842714250631728
"128",0.0310962915669834,0.00757485219847277
"129",0.0315579807707601,0.00668781044121664
"130",0.0320716176603624,0.0058298027806217
"131",0.0324104322484499,0.00488894961731772
"132",0.0324678136585327,0.00389059728783833
"133",0.0326618757152275,0.00290960803297803
"134",0.032863911704719,0.00193022993492285
"135",0.0328478735738736,0.000930358554014795
"136",0.032431134948898,2.13321966117731e-05
"137",0.0320138382805521,-0.000887438121228463
"138",0.0313330382487216,-0.00161990744936418
"139",0.0306454426580411,-0.00234600131635154
"140",0.0299175584041083,-0.00303170133303283
"141",0.0294292367665596,-0.00390436505881829
"142",0.0287110792349967,-0.00460024562318223
"143",0.0279275763052085,-0.00522163371368074
"144",0.0270720869834633,-0.00573945416555552
"145",0.026199944845789,-0.00622870675031405
"146",0.0252534249629864,-0.00655135223913952
"147",0.0242979569305672,-0.00684644686637799
"148",0.0233325398073371,-0.0071071570084402
"149",0.0223351768712166,-0.00717973230487867
"150",0.0213367218094983,-0.00723529748938339
"151",0.020336944113566,-0.00725638205047347
"152",0.0193467679761011,-0.00739620771619694
"153",0.018411200658614,-0.00704305931332637
"154",0.0175014505478423,-0.00662790303437721
"155",0.0167714414223721,-0.00594446563656364
"156",0.0162182084316917,-0.00511143907154735
"157",0.0158199263280807,-0.00419417609619993
"158",0.0153598331724152,-0.00330630544790158
"159",0.0148679069040809,-0.00243566858529885
"160",0.014501597619899,-0.00150517543200745
"161",0.0140376225070324,-0.000619327197465925
"162",0.013605284652298,0.000282384496682295
"163",0.0130791654098535,0.00113279530489777
"164",0.0130657850843243,0.00213270578433517
"165",0.0130280791579622,0.00313199466304701
"166",0.0128104386638623,0.00410802366637014
"167",0.0123657923401242,0.0050037298943189
"168",0.0119672381050982,0.00592087466028707
"169",0.0123268553748583,0.00685397455809558
"170",0.0127973656469341,0.0077363690752313
"171",0.01326051916114,0.00862264714800456
"172",0.0136835127417509,0.00952877982634806
"173",0.0140541705909578,0.0104575493127231
"174",0.0143863293946967,0.0114007727905367
"175",0.0150279203533197,0.0121678197524713
"176",0.015826861819358,0.0127692285434318
"177",0.0167599787616432,0.0131288015847188
"178",0.0176974361709428,0.0134769015786131
"179",0.018528910344593,0.014032464985033
"180",0.0194320833537416,0.014461741720421
"181",0.0204273048762751,0.0145593845444586
"182",0.0214045691371829,0.0147714094589199
"183",0.0224034671510957,0.0148183430055708
"184",0.023386175467893,0.0146331826315776
"185",0.0243498859080597,0.0143662328469481
"186",0.0253382146547354,0.0142138967432351
"187",0.0262996803516286,0.0139389718194873
"188",0.0272143685158008,0.0135348115018864
"189",0.0280640133878291,0.013007456221799
"190",0.0286791988757009,0.0122190738174343
"191",0.0294344347657285,0.0115636207295522
"192",0.0301072586108726,0.0108238180035464
"193",0.0305980189535882,0.00995252340008689
"194",0.0311068343529258,0.00909164774739547
"195",0.0318165921264797,0.00838720193480248
"196",0.0323627023840837,0.0075494886267193
"197",0.0326648971536377,0.00659624242491505
"198",0.0328851540406772,0.00562080052315377
"199",0.0331042513099767,0.00464509750143788
"200",0.0332803324207675,0.00366072184020755
"201",0.0333888983507252,0.0026666325892585
"202",0.0332230645300515,0.00168047887714219
"203",0.0332430630045353,0.000680678866630931
"204",0.0328194883708668,-0.000225182342226488
"205",0.0322783824397637,-0.00106613678292174
"206",0.0318508398807699,-0.00197013200428577
"207",0.0313294000289462,-0.00282342004529544
"208",0.0307117013064749,-0.00360983487746562
"209",0.0300528504464702,-0.00436210846085877
"210",0.0293952302047247,-0.0051154580594161
"211",0.0288546633221167,-0.00595675910269817
"212",0.0280651276816106,-0.00657046381375275
"213",0.0270990421767974,-0.00682868619347597
"214",0.0261714714493868,-0.0072023338157767
"215",0.0254011459705267,-0.00783998470507186
"216",0.0244548584111703,-0.00816331094125953
"217",0.0234606959640254,-0.00805541734234458
"218",0.0225338999603871,-0.00767985221132186
"219",0.0216302398517518,-0.00725160180786469
"220",0.0206959811132201,-0.00689500594490888
"221",0.0198388702895358,-0.00637987388812806
"222",0.0190917682736046,-0.0057151644946398
"223",0.018095277622675,-0.00579886863199166
"224",0.0173426867579312,-0.0064573570451807
"225",0.0173886991719912,-0.00745629791317659
"226",0.0174658662954557,-0.00845331608505522
"227",0.0174280379339212,-0.00945260033643899
"228",0.01732846613596,-0.0104476307164027
"229",0.0170493634215091,-0.0114078919698052
"230",0.0165230920605986,-0.0122582086488639
"231",0.0160697139263781,-0.0131495269238985
"232",0.0155608115079279,-0.0140103511385298
"233",0.015068562933972,-0.0148808058136499
"234",0.0145664466675687,-0.0157456059379637
"235",0.0142247604275118,-0.0166854200224271
"236",0.0139788434990587,-0.017654710930411
"237",0.0137218175909679,-0.0186211154433196
"238",0.0133621132831802,-0.0195541817919567
"239",0.0128475383743163,-0.0204116272206388
"240",0.0122981837297709,-0.02124721651839
"241",0.0117217335426025,-0.0220643488098296
"242",0.0110989351655443,-0.0228467311853556
"243",0.0104932118702595,-0.023642406552292
"244",0.00995210593915642,-0.0244833609929873
"245",0.00934311206769967,-0.0252765359198023
"246",0.00868633954006976,-0.0260306246725037
"247",0.00796180352688868,-0.0267198616169601
"248",0.00713095064218548,-0.027276353740876
"249",0.00617796073952879,-0.0275793557960412
"250",0.00518137921680137,-0.0276619709796233
"251",0.00418149778991656,-0.0276465718831956
"252",0.00318151347209154,-0.0276521722496159
"253",0.00218174663768865,-0.0276737656937142
"254",0.00119240100307003,-0.0275281799277167
"255",0.000215017332213425,-0.0273167061469711
"256",-0.000764437588728774,-0.0271150429181907
"257",-0.0017527702597183,-0.0269627322768859
"258",-0.00274693270686322,-0.0268548386779709
"259",-0.00374109515400814,-0.026746945079056
"260",-0.00473525760115307,-0.026639051480141
"261",-0.00572942004829799,-0.026531157881226
"262",-0.00670656054495013,-0.0263185633144977
"263",-0.00767596129681,-0.0260730797462217
"264",-0.00864714323282437,-0.0258347403932827
"265",-0.00949148992297629,-0.0252989431678051
"266",-0.0102725649802896,-0.0246745060173705
"267",-0.0111137889861256,-0.0241338192577717
"268",-0.0120483947527947,-0.0237781339180279
"269",-0.0130080723294226,-0.0234970308249862
"270",-0.0138110626948621,-0.0229010388174799
"271",-0.0144600041171944,-0.0221402004441171
"272",-0.0150866908297322,-0.0213609291407006
"273",-0.01571337754227,-0.020581657837284
"274",-0.0163969196775288,-0.0198517467815204
"275",-0.0172928133324614,-0.019407478215165
"276",-0.0182666576500945,-0.0191802619195044
"277",-0.0192663689368282,-0.019156233952937
"278",-0.0202303213005974,-0.0188901590755365
"279",-0.0211320580630739,-0.0193224446422612
"280",-0.0217683198723377,-0.0200939178498792
"281",-0.0223083610578746,-0.0209355564409169
"282",-0.0227409809414135,-0.0218371328582919
"283",-0.0231363426797843,-0.0227556583592076
"284",-0.023613614861719,-0.023634413879447
"285",-0.0241252857565343,-0.0244935954059005
"286",-0.0246918770091013,-0.0253175944062121
"287",-0.0253331120143467,-0.0260849389624891
"288",-0.0259638703614185,-0.0268609182841203
"289",-0.0266175790503832,-0.0276176645758008
"290",-0.027313101804661,-0.0283361686455747
"291",-0.0279432342972875,-0.0291126562769871
"292",-0.0285336982670605,-0.0299197202771754
"293",-0.0290922028922326,-0.0307492216838417
"294",-0.0297035850762874,-0.0315405571531721
"295",-0.030388906898456,-0.0322687974981541
"296",-0.0311414133214044,-0.0329273824079579
"297",-0.0320663180520515,-0.0333075813548616
"298",-0.0329676594617729,-0.0337406906518311
"299",-0.0338540966691462,-0.0342035395228292
"300",-0.0347376942653462,-0.0346717865601818
"301",-0.0356012275740063,-0.0351760783654242
"302",-0.036447196055699,-0.0357093112676185
"303",-0.0373411196830275,-0.0361575305761091
"304",-0.038249560021437,-0.0365755451112039
"305",-0.0391905560866911,-0.0369139626124894
"306",-0.0401359614910233,-0.0372398592547846
"307",-0.0410889152558675,-0.0375429749456838
"308",-0.0420515068215029,-0.0378139315432557
"309",-0.0430314088227884,-0.0380134110356265
"310",-0.0440126100126445,-0.0382063986648289
"311",-0.0449995577633865,-0.038367439458745
"312",-0.045987802757385,-0.0385203179459071
"313",-0.0469877975503136,-0.0385170908550062
"314",-0.0479867376819401,-0.0385631192530457
"315",-0.0489791843541122,-0.0386857960760176
"316",-0.0499664784123566,-0.0388446999543695
"317",-0.0509142764974839,-0.0391635710722669
"318",-0.0518400707899698,-0.0395415987537935
"319",-0.0527204271594722,-0.0400159115858743
"320",-0.0535525487369553,-0.0405705048424932
"321",-0.0542958579135658,-0.0412394528733346
"322",-0.0550158010733448,-0.0419334859033033
"323",-0.0556198114304055,-0.0427304623700595
"324",-0.0562106139208538,-0.0435372785928018
"325",-0.0567265134769247,-0.0443939276738413
"326",-0.0572327875998849,-0.0452563002803294
"327",-0.0576975576219803,-0.0461417317155977
"328",-0.0581835400502024,-0.0470157002959594
"329",-0.058670505405115,-0.0478891215821179
"330",-0.0590885561950657,-0.0487975452371498
"331",-0.0594024563201612,-0.0497470012453277
"332",-0.0587831269766948,-0.0505321325492008
"333",-0.0580677472753004,-0.0512308684670073
"334",-0.0572815622091452,-0.0518488596010493
"335",-0.0565090441532563,-0.0524838523989026
"336",-0.0557970065719521,-0.053185993754194
"337",-0.0552617925091585,-0.0540307102196356
"338",-0.0546242697282585,-0.0548011417245946
"339",-0.0538125809973763,-0.0553852319609099
"340",-0.0529417700875567,-0.0558768500640542
"341",-0.0522261284171714,-0.0565753176721851
"342",-0.0516104782530874,-0.0573633372629716
"343",-0.0506958240524365,-0.0577675744374519
"344",-0.0497123405105212,-0.0579485720141803
"345",-0.0487143775834357,-0.0578847754926216
"346",-0.0477555374970633,-0.057600828862486
"347",-0.048626917753377,-0.0571102206186635
"348",-0.0496098086428818,-0.0569260318586144
"349",-0.0505915769368954,-0.0567359502527982
"350",-0.0515686128445787,-0.0565228755356273
"351",-0.0525375249966589,-0.0562754705204168
"352",-0.0535064371487391,-0.0560280655052062
"353",-0.0544799498019752,-0.0557994323624008
"354",-0.055446625060767,-0.0555434266123876
"355",-0.0563556514181701,-0.055126687987412
"356",-0.0572444295447138,-0.0546683502933726
"357",-0.0581314478919563,-0.0542066161148074
"358",-0.0590585266346635,-0.0538317494654234
"359",-0.0600040075494994,-0.053506071956711
"360",-0.0609829269405427,-0.0533018249840541
"361",-0.0619565056076629,-0.0530734731088083
"362",-0.062916416772794,-0.0527931687116669
"363",-0.0638399700827472,-0.0524096986558941
"364",-0.064839970057883,-0.0524094756571469
"365",-0.0658218996367448,-0.0525987223272796
"366",-0.0668030737325008,-0.0527918476591691
"367",-0.0677944832006977,-0.0529226424081826
"368",-0.0687939222560559,-0.0529561323264384
"369",-0.0697794184320723,-0.0527864346922268
"370",-0.0707587271507479,-0.0525840626745816
"371",-0.0717417448464682,-0.0524005518849784
"372",-0.0727401258906299,-0.052343672269485
"373",-0.0735515108711527,-0.0517591601538006
"374",-0.0741781975836906,-0.050979888850384
"375",-0.0748048842962283,-0.0502006175469675
"376",-0.075591911598933,-0.049583699379949
"377",-0.0761300948621274,-0.0487408715355955
"378",-0.0764616972072846,-0.0477974522837853
"379",-0.0768511076630193,-0.0468763879554322
"380",-0.0772106695697562,-0.0459432667225671
"381",-0.0776010619648941,-0.0450226181588803
"382",-0.0779546605505943,-0.0440872208955794
"383",-0.0781829337590218,-0.0431136237805908
"384",-0.0777932574370304,-0.0421926719012403
"385",-0.0772406834255885,-0.0413592080676643
"386",-0.0767489694770375,-0.0404884512745238
"387",-0.0762941586253404,-0.0395978632164529
"388",-0.0759430516623826,-0.0386615278595628
"389",-0.0757679205942491,-0.0376769827316106
"390",-0.0753509719426821,-0.036768052689222
"391",-0.0746519621813236,-0.0360529405626813
"392",-0.0738418537529014,-0.0354666604809804
"393",-0.0729858368708337,-0.0349497126135748
"394",-0.0721523178692104,-0.034397221822762
"395",-0.0712235864517747,-0.0340264685971956
"396",-0.0702830173685119,-0.0336868661831727
"397",-0.0693417322145966,-0.0333492535959983
"398",-0.0683862152028876,-0.033054317602375
"399",-0.067435243215464,-0.0327450405758507
"400",-0.0665086683248823,-0.0323689302567375
"401",-0.0655415120422067,-0.0321147477929815
"402",-0.0645530543180906,-0.0322662447488431
"403",-0.0636014518085255,-0.0325735762698256
"404",-0.0626151220044687,-0.032738359514208
"405",-0.061636438822501,-0.0329437353388164
"406",-0.0607323227518162,-0.0333710222807295
"407",-0.0599223357668764,-0.0339574701336782
"408",-0.0593107150802436,-0.0347486212795934
"409",-0.058729531826486,-0.035562393990829
"410",-0.0595694543593927,-0.0350196876810115
"411",-0.0603830599665803,-0.0344382705192827
"412",-0.0610971352876764,-0.0337382016399561
"413",-0.0617998763702139,-0.033026755949187
"414",-0.0625723260885374,-0.0323916800224963
"415",-0.0633867481455304,-0.0318114070582087
"416",-0.0642050413819023,-0.0312366060671621
"417",-0.0648752499496423,-0.0304944332599751
"418",-0.0655445405502244,-0.0297514325251353
"419",-0.0663279791769789,-0.0291299633641071
"420",-0.0672389476096459,-0.0287174872863957
"421",-0.0680181147057741,-0.0280906710164161
"422",-0.0687947797043604,-0.0274607571493113
"423",-0.0694239870631665,-0.0266835196697568
"424",-0.0701328969127566,-0.0259782205664295
"425",-0.0707215136756666,-0.0251698083532479
"426",-0.0715427493374407,-0.0245992191947191
"427",-0.0725009031714696,-0.0243129654081318
"428",-0.0734950656186146,-0.0242050718092169
"429",-0.0744787607236409,-0.0240252275978917
"430",-0.0754650334634396,-0.0238601031517006
"431",-0.0764601121721735,-0.0239591908069588
"432",-0.0773582546337833,-0.0243988953880737
"433",-0.0781934312868346,-0.0249488771679519
"434",-0.0789475004492773,-0.0256056721879185
"435",-0.0796858101006055,-0.0262801340910352
"436",-0.0803139327314771,-0.027058248453187
"437",-0.0808802440380841,-0.0278824398775595
"438",-0.0813795479811127,-0.028748866777232
"439",-0.0818478821935888,-0.0296324181709971
"440",-0.0825159221445281,-0.0303765435797482
"441",-0.0832173272546341,-0.031089306423559
"442",-0.0838014689111591,-0.0319009581500478
"443",-0.0842211944207381,-0.0328086092375305
"444",-0.0845112094173569,-0.0337656313384959
"445",-0.0846191030162718,-0.0347597937856409
"446",-0.0848395622115993,-0.0357351899837038
"447",-0.0851632813511658,-0.036681343205269
"448",-0.0856016664258869,-0.0375801304583283
"449",-0.0861373703158098,-0.0384245363692037
"450",-0.086667473021544,-0.0392724698107976
"451",-0.0872085789526471,-0.0401134242514929
"452",-0.0877496848837502,-0.0409543786921881
"453",-0.088298326056987,-0.0417904366226148
"454",-0.0888446184625381,-0.0426280311591522
"455",-0.0890930129627957,-0.0435966901147407
"456",-0.0892351035733262,-0.0445865437697822
"457",-0.0893771941838567,-0.0455763974248237
"458",-0.0894862917249411,-0.0465704284739008
"459",-0.089563582242268,-0.0475674370876707
"460",-0.0896260679310301,-0.0485654829476891
"461",-0.0895080974386032,-0.0495585000487083
"462",-0.0894070878467301,-0.0505533855005819
"463",-0.0891997288934537,-0.0515316504260985
"464",-0.0889967495924447,-0.0525108334546289
"465",-0.0886723489913644,-0.0534567532451073
"466",-0.0883025476492158,-0.0543858640928241
"467",-0.0878724533100405,-0.0552886480422879
"468",-0.0873995946515684,-0.0561697863339924
"469",-0.0868364501298112,-0.0569961447596255
"470",-0.0862831207423147,-0.0578291072971581
"471",-0.0857430074493393,-0.0586706996157728
"472",-0.0848055402968897,-0.0590187733695636
"473",-0.0838203546436451,-0.0591902645607104
"474",-0.0828591150471225,-0.059465978974692
"475",-0.0819901931935034,-0.0599609282774525
"476",-0.0811148677661856,-0.0604444625536841
"477",-0.0801693054121368,-0.0607699035385119
"478",-0.0792110074755242,-0.0610556745389371
"479",-0.0783042300610621,-0.0614772842169825
"480",-0.0773134040589631,-0.0616124279684637
"481",-0.0763134685942647,-0.0616010672273589
"482",-0.0753214181483183,-0.0614752264045006
"483",-0.0743252383869069,-0.0613879001028825
"484",-0.0733315946965404,-0.0612753291626053
"485",-0.0723414580580795,-0.0611352240692745
"486",-0.0713896809470786,-0.0608284336995189
"487",-0.0704600439903077,-0.060459956931451
"488",-0.0695627797873894,-0.0600184629335741
"489",-0.0689016808444484,-0.0592681642013065
"490",-0.0682711178744793,-0.0584920261073414
"491",-0.0675954275459069,-0.057754840526993
"492",-0.0672440714065703,-0.0568185986440639
"493",-0.0670109074867918,-0.0558461611979968
"494",-0.0667807381736339,-0.0548730105995382
"495",-0.0664280095063001,-0.0539372849521175
"496",-0.0664864743844237,-0.0529389954860677
"497",-0.0663506678950884,-0.0519482601039124
"498",-0.0658903642104235,-0.0510604985830725
"499",-0.0660330307720633,-0.0500707277751629
"500",-0.066381581490063,-0.0491334378536435
"501",-0.0668080725155359,-0.0482289460597664
"502",-0.0672271152026732,-0.0473209795260457
"503",-0.0674403371758351,-0.046343975743985
"504",-0.068159396398973,-0.0456490269447052
"505",-0.068980295656972,-0.0450779539124084
"506",-0.069656218913993,-0.044340981897595
"507",-0.0703793984181153,-0.0436503217750909
"508",-0.0710698692233877,-0.042926961514179
"509",-0.0720161726261825,-0.0426036816511207
"510",-0.0729816545852713,-0.0423432117168212
"511",-0.0739815197840673,-0.042326792696247
"512",-0.0749779371546966,-0.0424113646981643
"513",-0.0759595241280548,-0.0426023804402734
"514",-0.0769593671247636,-0.0426200999756015
"515",-0.0779115534369758,-0.0429256179404348
"516",-0.0788827075430785,-0.0431640706657282
"517",-0.0797602199272829,-0.0436436246413846
"518",-0.0805925023790904,-0.044197976443414
"519",-0.0813549356248166,-0.0448450433223465
"520",-0.082099144034976,-0.0455129908069948
"521",-0.0830243011428428,-0.0458925752189029
"522",-0.0839167943192657,-0.046343636112839
"523",-0.0844924916181895,-0.047161299014047
"524",-0.0851660132751034,-0.0479004665036378
"525",-0.0861322055889091,-0.0481582889478562
"526",-0.0867213839610003,-0.0489662919465264
"527",-0.0871789694974446,-0.0498554575536193
"528",-0.0875498201161924,-0.0507841500853942
"529",-0.088057997907905,-0.0516454022737863
"530",-0.0887105141232515,-0.0508876275125875
"531",-0.0893799870138327,-0.050144791024
"532",-0.0897073600284085,-0.0491998958396925
"533",-0.089409140598759,-0.0482453984998431
"534",-0.0891571143646149,-0.0472776780974008
"535",-0.0892596284318762,-0.0462829465426517
"536",-0.0887022765423603,-0.0454526701602024
"537",-0.0881611706112572,-0.0446117157195072
"538",-0.0876955114236461,-0.0437267515840794
"539",-0.0868796771386204,-0.0431484658248076
"540",-0.086390915717257,-0.0422760483370262
"541",-0.0856266972925416,-0.0416310908195682
"542",-0.0849684083684831,-0.0408783254560838
"543",-0.0841760903144139,-0.0402682171860235
"544",-0.0833035254951849,-0.0397797188377725
"545",-0.0826227449713951,-0.0390472313782017
"546",-0.0824030684100904,-0.0380716586190426
"547",-0.0816880732283844,-0.0373725292389296
"548",-0.0809088019249678,-0.0367458425263918
"549",-0.0801696196645305,-0.0360723370803449
"550",-0.0793575326464424,-0.0354888007275332
"551",-0.0784170091090849,-0.035149072195207
"552",-0.0774382376503034,-0.0349441174892967
"553",-0.0765069515803599,-0.0345798287906948
"554",-0.0756941466218556,-0.0339972928695441
"555",-0.0747197474257616,-0.0337724680340578
"556",-0.0737322195609273,-0.033929912361284
"557",-0.0727588079121287,-0.0341589751517657
"558",-0.0717649955857026,-0.0342700474698453
"559",-0.07077217559903,-0.0341504294358227
"560",-0.0698142820545042,-0.0338633058433477
"561",-0.0688421910807327,-0.0336287016261819
"562",-0.0679548149523575,-0.033167655417229
"563",-0.0671739713911259,-0.0337923820237403
"564",-0.0665885807529902,-0.0346031334041172
"565",-0.0659045436273434,-0.0353325805994212
"566",-0.0650058319845701,-0.0357711206581885
"567",-0.0641053033799889,-0.0362059174294865
"568",-0.0632848811685076,-0.0367776755906946
"569",-0.062603239704866,-0.0375093619408779
"570",-0.0618891729339013,-0.0382094395412938
"571",-0.0614259515473523,-0.0390956821418516
"572",-0.0612433107927947,-0.0400788618582691
"573",-0.0611416433540184,-0.041073680299942
"574",-0.0609796421880493,-0.0420604708664883
"575",-0.0609125665812743,-0.0430582187619888
"576",-0.0607195102087702,-0.0440394064285621
"577",-0.0603866634552142,-0.044982387360844
"578",-0.0600296284816493,-0.045916478377636
"579",-0.0598830600798386,-0.0469056789152373
"580",-0.0603505101837758,-0.0477896983722229
"581",-0.0609463805513173,-0.0485927790064595
"582",-0.0616053357122131,-0.0493449612290152
"583",-0.0622920401951263,-0.0500718979203074
"584",-0.0629944065689466,-0.050783713540343
"585",-0.0636096340133403,-0.0515720632036681
"586",-0.0639383114636382,-0.0525165054378283
"587",-0.0648003487178164,-0.0530233503573145
"588",-0.0657722893121422,-0.0532585768037479
"589",-0.0667685409816133,-0.0533450788908668
"590",-0.0677429889663276,-0.0535696921698295
"591",-0.0686696141994941,-0.0539456784425298
"592",-0.0696151100374886,-0.0542713126242969
"593",-0.0705841397974233,-0.0545182565943808
"594",-0.0715839306518826,-0.0545387076906772
"595",-0.0725683825493965,-0.0543630533099142
"596",-0.0735540601471602,-0.0541944126467669
"597",-0.0744858949001792,-0.0538315297550978
"598",-0.0753938901828147,-0.0534125493656861
"599",-0.0762700810575196,-0.0529305851024011
"600",-0.0772488503147963,-0.052725619883376
"601",-0.0782265572456406,-0.0529355940660246
"602",-0.0791552370723409,-0.0525647116325232
"603",-0.0794819225611519,-0.0516195785247546
"604",-0.0797363083464911,-0.0506524757007399
"605",-0.0799483332609524,-0.049675211439832
"606",-0.0800275686825053,-0.0486783555084301
"607",-0.0799437844012935,-0.0476818715927436
"608",-0.0800233551073226,-0.0486787008172058
"609",-0.0799481899654954,-0.0496758719165936
"610",-0.0797361650510341,-0.0506531361775014
"611",-0.0795241401365728,-0.0516304004384092
"612",-0.0792492279960057,-0.0525918697904786
"613",-0.0789567780873661,-0.0535481506336082
"614",-0.078620040592642,-0.0544897491996898
"615",-0.078397504956572,-0.0554646737560935
"616",-0.0782724024364904,-0.0564568175760457
"617",-0.0780416266476433,-0.0574298245314586
"618",-0.077570817013326,-0.0583120593574738
"619",-0.0770716907189345,-0.0591785886081324
"620",-0.0765042823530311,-0.0600020251547484
"621",-0.0759038403041327,-0.0608016934271681
"622",-0.0752801134768574,-0.0615833358293809
"623",-0.0748805486531138,-0.0625000407718934
"624",-0.0745259958785389,-0.0634350767765698
"625",-0.0742003086010602,-0.0643805543264294
"626",-0.0740534934094758,-0.0653697182660875
"627",-0.0738557277088626,-0.0663499675852207
"628",-0.0735548513273972,-0.0673036307349105
"629",-0.073108008210143,-0.0681982430691439
"630",-0.0726127093056753,-0.0690669656918683
"631",-0.072140418879893,-0.069948408687027
"632",-0.0717569956008133,-0.0708719814178175
"633",-0.0715442740305884,-0.0718490942739201
"634",-0.0714180366075065,-0.0728410943308826
"635",-0.0713288636887996,-0.0738371104906759
"636",-0.0712620731708292,-0.0748348775109312
"637",-0.0711240845201183,-0.0758253113210745
"638",-0.070912059605657,-0.0768025755819823
"639",-0.0706442660656054,-0.0777660519023487
"640",-0.0704555424273958,-0.0787480821403663
"641",-0.0703414272180374,-0.0797415496632341
"642",-0.0702642600945729,-0.0807385678351127
"643",-0.0702326451316538,-0.0817380679572336
"644",-0.0701903245994502,-0.0827371720421787
"645",-0.0701333108903126,-0.0837355454377429
"646",-0.0701817691606557,-0.0847343706456924
"647",-0.0702837810191473,-0.0857291538284649
"648",-0.0704606049662755,-0.0867133963248661
"649",-0.0706482381990088,-0.0876956354861573
"650",-0.0708456959400293,-0.0886759468859232
"651",-0.0710819736643522,-0.0896476324507994
"652",-0.0713435990992634,-0.0906128019342621
"653",-0.0716520038586308,-0.0915640571599505
"654",-0.0719696029402317,-0.0925122822510371
"655",-0.072295124095362,-0.0934578170084959
"656",-0.0726349326743281,-0.0943983116281834
"657",-0.0729143383873901,-0.0953584847623151
"658",-0.0731117961284106,-0.096338796162081
"659",-0.0733038341501087,-0.0973201836483586
"660",-0.0734906638432962,-0.0983025759659912
"661",-0.0736515359333434,-0.0992895512294319
"662",-0.0737594295322584,-0.100283713676577
"663",-0.0738969298115887,-0.101274215404583
"664",-0.0741889376859433,-0.102230631318982
"665",-0.0745638072505578,-0.103157708882903
"666",-0.0751150051586712,-0.103992083418763
"667",-0.0757742054374812,-0.104744050833228
"668",-0.0764740509517744,-0.105458345069606
"669",-0.0771489684359448,-0.10619623827974
"670",-0.077787736454859,-0.106965637667582
"671",-0.0783847940091362,-0.107767836070024
"672",-0.0790430087617784,-0.108520666289532
"673",-0.0797196053407096,-0.109257020191796
"674",-0.0803937808638356,-0.10999559135561
"675",-0.0810669643495775,-0.110735066841697
"676",-0.081767268630383,-0.111448911302547
"677",-0.0824779178703393,-0.112152457788395
"678",-0.0830901572618521,-0.112943130241109
"679",-0.0836632648730304,-0.113762610360458
"680",-0.0843194552427522,-0.114517205747858
"681",-0.0851181192725057,-0.115118982922215
"682",-0.0860116317874922,-0.115568021211855
"683",-0.0869541797407565,-0.115902092096245
"684",-0.0879209021836239,-0.116157919613249
"685",-0.0889208219746431,-0.116145254245976
"686",-0.089914984421788,-0.116037360647061
"687",-0.0909020002539882,-0.115876737650618
"688",-0.0918966111022131,-0.115773059009649
"689",-0.0928948634015704,-0.115713962928325
"690",-0.093886996379495,-0.115588774453957
"691",-0.0948583082059687,-0.115350965001344
"692",-0.0956583905361469,-0.114751074790608
"693",-0.0961862503601969,-0.113901743285155
"694",-0.0966858575558515,-0.113035491214422
"695",-0.0972275230602645,-0.112194897090407
"696",-0.0979126349853844,-0.111466459275588
"697",-0.098350662159753,-0.110567497544191
"698",-0.0988614448353697,-0.109707787675521
"699",-0.0993231340391464,-0.108820745918265
"700",-0.0999312464725463,-0.108026895007612
"701",-0.100412271473481,-0.107150188130442
"702",-0.100512674449697,-0.106155241276401
"703",-0.100398658002408,-0.105161762414146
"704",-0.100209414542027,-0.104179832216676
"705",-0.0999445946334702,-0.103215534329075
"706",-0.09966367698499,-0.102255802452574
"707",-0.0992803510045373,-0.10133218933405
"708",-0.0987011870325796,-0.100516978261023
"709",-0.097921915729163,-0.0998902915484848
"710",-0.0971426444257464,-0.099263604835947
"711",-0.0963633731223299,-0.0986369181234092
"712",-0.095615406814485,-0.0979731814268729
"713",-0.0948147568838563,-0.0973740489802601
"714",-0.0940010438039033,-0.0967927822398445
"715",-0.0931316565405177,-0.0962986508946913
"716",-0.0921860072957597,-0.0959734624787099
"717",-0.0911895750856821,-0.0958890654958261
"718",-0.0901896808237485,-0.0959036073303806
"719",-0.0891902524747343,-0.0959374152464186
"720",-0.0881955511864704,-0.0958346079163004
"721",-0.0872515425924104,-0.0955046870555762
"722",-0.0864417709403705,-0.0949179419051468
"723",-0.085508009205963,-0.0945600466364488
"724",-0.0845129011652103,-0.0944612539888008
"725",-0.0835133998659407,-0.0944928317144675
"726",-0.0825135161544292,-0.0945080817457466
"727",-0.0815144070777364,-0.0944658792236653
"728",-0.0805149541388477,-0.0944328062294431
"729",-0.0795149826767666,-0.0944252514280983
"730",-0.0785162160682528,-0.0943756000261259
"731",-0.0775357225766276,-0.0941790484733959
"732",-0.076579441733498,-0.0938865985647563
"733",-0.0756416923328783,-0.0935392859366568
"734",-0.0746529020910555,-0.0933899746588639
"735",-0.0736539777634564,-0.0934363447756494
"736",-0.0726739419522706,-0.0936351658228083
"737",-0.0717096440646696,-0.0938999857313655
"738",-0.0707387236695029,-0.0941393882924408
"739",-0.069741075911876,-0.0942079371925187
"740",-0.0687421283898976,-0.0942538049190072
"741",-0.0677434616805734,-0.0943054266555878
"742",-0.0667466233489608,-0.0943848831885337
"743",-0.0657617709077986,-0.0945582777361324
"744",-0.0647944534531674,-0.0948118461528679
"745",-0.0639408574526217,-0.0953327817226387
"746",-0.0631100475375473,-0.0958893379956372
"747",-0.0623180078998738,-0.0964998076610211
"748",-0.0615574219031505,-0.0971490448608091
"749",-0.0608233000711558,-0.0978280626336168
"750",-0.0599939343799833,-0.0983867687731088
"751",-0.0592195544050619,-0.0990194896076327
"752",-0.0585132954457585,-0.0997274431953796
"753",-0.0578440513060283,-0.100470485779245
"754",-0.0573045878206691,-0.101312494774425
"755",-0.0567939382938821,-0.102172283737364
"756",-0.0564166473485873,-0.103098378517934
"757",-0.0559728644431658,-0.103994512845396
"758",-0.055773644512426,-0.104974467650066
"759",-0.0559356478389997,-0.105961257861904
"760",-0.055965303936698,-0.106960818023109
"761",-0.0556265290401856,-0.107901685478967
"762",-0.0553492960885471,-0.108862488211335
"763",-0.055428661439208,-0.109859333806758
"764",-0.0557883109250229,-0.110792421287841
"765",-0.0563752315034407,-0.111602065799111
"766",-0.0568262762504877,-0.112494567135895
"767",-0.0574404892444039,-0.113283707426404
"768",-0.0580811726217676,-0.114051512616521
"769",-0.0587895776633932,-0.114757318749251
"770",-0.0595775489341597,-0.115373030756968
"771",-0.060452839285576,-0.115856628524454
"772",-0.0613379433651482,-0.116322021657541
"773",-0.0622108241263479,-0.116809955235733
"774",-0.0631011472407734,-0.117265284514299
"775",-0.0640350013175767,-0.11762293876527
"776",-0.0650077508728314,-0.117854797133141
"777",-0.0660064603300747,-0.117804009142309
"778",-0.0669525851584539,-0.117480207028164
"779",-0.0679265260460222,-0.117253405027462
"780",-0.068802858839063,-0.116771698855775
"781",-0.0695251839019828,-0.116080145167709
"782",-0.0702761918807427,-0.115419852038986
"783",-0.0712505248191487,-0.115194740233127
"784",-0.0721657419831748,-0.11479177926396
"785",-0.0727043687371589,-0.113949234772617
"786",-0.0732100345252467,-0.113086505318641
"787",-0.0737749057649781,-0.112261326257755
"788",-0.0743498190805837,-0.111443111934036
"789",-0.0746404423978979,-0.110486274389082
"790",-0.0748172811168868,-0.109502034546632
"791",-0.0750912614459742,-0.108540299250787
"792",-0.0752548747916424,-0.107553774708204
"793",-0.0753295792944968,-0.106556568993593
"794",-0.0753944404981717,-0.10555867469846
"795",-0.07492428997878,-0.104676088448219
"796",-0.0747899126382175,-0.103685158213367
"797",-0.0747199107066078,-0.10268761135754
"798",-0.0744034380419651,-0.101739009727489
"799",-0.0739720225540191,-0.100836856372033
"800",-0.0736488526269945,-0.0998905154195925
"801",-0.0731513052387267,-0.099023078622801
"802",-0.0726403852294601,-0.0981634503635336
"803",-0.0721559781486223,-0.0972886076462214
"804",-0.0716569296634882,-0.0964220335815937
"805",-0.0708475437009948,-0.0958347565058291
"806",-0.0702466241497713,-0.0950354469957159
"807",-0.0693751357895886,-0.0945450308070903
"808",-0.0686003618331769,-0.0939127924687509
"809",-0.0680782969331027,-0.0930598867060136
"810",-0.0686996440917016,-0.0922763513152998
"811",-0.0696835929730161,-0.0920979007648382
"812",-0.0706434980573856,-0.0918175755447786
"813",-0.0715807095814452,-0.0914688140802073
"814",-0.0724433353440687,-0.0909629714231901
"815",-0.0732283330212778,-0.0903434727171572
"816",-0.0742087373782524,-0.0901464770399834
"817",-0.0751902838891205,-0.0899552534875568
"818",-0.0761447390367517,-0.0896568990487424
"819",-0.0770844488051485,-0.0893149260217655
"820",-0.0780843560538051,-0.089328545643052
"821",-0.0789730492654646,-0.0897870479609855
"822",-0.0798089779794907,-0.0903358859927095
"823",-0.0807085328147042,-0.0907726938434218
"824",-0.0816073419463285,-0.0912110340593602
"825",-0.0825163418730912,-0.0916278303323106
"826",-0.0834781661050097,-0.0919014982823785
"827",-0.0844606144001936,-0.0920880333924525
"828",-0.085440824303943,-0.0922859943597957
"829",-0.0863230636989671,-0.0927567954322962
"830",-0.0872197256971947,-0.0931995112112497
"831",-0.088063528499708,-0.093736164572807
"832",-0.0890426459881199,-0.0939394597864394
"833",-0.0899812302892698,-0.0942845097967786
"834",-0.0908731001594917,-0.0947368018866833
"835",-0.0918365669022965,-0.0950046298828098
"836",-0.0926903278117564,-0.0955252951394557
"837",-0.0933678378263729,-0.0962608086880015
"838",-0.0941211454307181,-0.0969184770339295
"839",-0.0951047414632401,-0.09709886230164
"840",-0.096102526000877,-0.0971653906148061
"841",-0.0970868298974498,-0.097341872452941
"842",-0.0980602246354123,-0.0975710070948154
"843",-0.0990336193733749,-0.0978001417366898
"844",-0.0999891155272661,-0.0980951452958191
"845",-0.100926572936566,-0.0984432452897135
"846",-0.101864030345865,-0.0987913452836078
"847",-0.102801487755165,-0.0991394452775022
"848",-0.103735700161765,-0.0994961625035425
"849",-0.104669914238086,-0.0998528753566955
"850",-0.105614564235958,-0.100180955196857
"851",-0.106554843509806,-0.100521359202668
"852",-0.107478416240596,-0.100904782481748
"853",-0.108351515935412,-0.10139232419577
"854",-0.109192643842776,-0.101933160440353
"855",-0.109971915146192,-0.102559847152891
"856",-0.110772614644101,-0.103158913354615
"857",-0.111639065473321,-0.10365817577113
"858",-0.112553229464626,-0.104063520312232
"859",-0.113469934407139,-0.104463085135976
"860",-0.114360413101442,-0.104918110074844
"861",-0.115227613262998,-0.105416069791886
"862",-0.116166596274733,-0.105760033312734
"863",-0.117154144243415,-0.105917351492072
"864",-0.118143577229169,-0.106062342411451
"865",-0.119108203382493,-0.106325964080369
"866",-0.12006620549149,-0.106612725233872
"867",-0.121032151611417,-0.106871468530206
"868",-0.121985768776708,-0.107172490625843
"869",-0.122909341507499,-0.107555913904923
"870",-0.123825555870701,-0.107956602363283
"871",-0.124754560578891,-0.108326670265377
"872",-0.125717687914694,-0.10859571623734
"873",-0.126716098172444,-0.108652080740517
"874",-0.127678996371212,-0.108382215850599
"875",-0.128623054366186,-0.108052436375608
"876",-0.129508920998176,-0.107588496389912
"877",-0.130394787630166,-0.107124556404217
"878",-0.131259221451205,-0.106621809779123
"879",-0.132113329266554,-0.106101713788214
"880",-0.132997929296178,-0.105635363289567
"881",-0.133932663344676,-0.105280015208695
"882",-0.134869279847385,-0.104929658923104
"883",-0.135810811339363,-0.104592733932024
"884",-0.136751896019496,-0.10425456293265
"885",-0.137680599153874,-0.103883738866283
"886",-0.138609302288251,-0.103512914799915
"887",-0.139527606532218,-0.10311703942115
"888",-0.140416772139311,-0.102659453884706
"889",-0.141305937746404,-0.102201868348262
"890",-0.141919111021365,-0.101411919910151
"891",-0.142478918047165,-0.100583296899449
"892",-0.142881886796371,-0.0996680831609353
"893",-0.143198909373657,-0.0987196651700206
"894",-0.143405549117735,-0.0977412480727827
"895",-0.143897175111865,-0.0968704416178825
"896",-0.144383947752172,-0.095996912913919
"897",-0.144968674221969,-0.0951856823945726
"898",-0.145533238987693,-0.0943602936223547
"899",-0.145635119225605,-0.0933654969511083
"900",-0.145487797183598,-0.0923764083726994
"901",-0.145189520191767,-0.091421929019259
"902",-0.144853461430495,-0.0904800879981879
"903",-0.144598960213138,-0.0895130155446645
"904",-0.144453774752229,-0.0885236110864469
"905",-0.14450285034311,-0.0875248160191885
"906",-0.144608011869396,-0.0865303608651524
"907",-0.144599552959883,-0.0855303966423674
"908",-0.144535799612965,-0.0845324309562055
"909",-0.144318779043724,-0.0835562639251467
"910",-0.143997339206553,-0.0826093339218838
"911",-0.143208905682751,-0.0819942139510284
"912",-0.142284026660712,-0.0816139524691605
"913",-0.141332565207532,-0.0813061845320514
"914",-0.140372027772585,-0.0810280337886293
"915",-0.139399099666551,-0.0807969258041539
"916",-0.138421835405643,-0.0805849008896926
"917",-0.137425386234723,-0.0805007043946754
"918",-0.13831659139909,-0.0809543048300875
"919",-0.139198236775282,-0.0814262173544377
"920",-0.140094998371378,-0.0818687313539548
"921",-0.141055256294149,-0.0821478455272858
"922",-0.142032242097557,-0.0823611498637137
"923",-0.14301506580648,-0.0825456967606796
"924",-0.143973709215782,-0.0828303066933983
"925",-0.144954607311894,-0.0830248289930011
"926",-0.145944351630803,-0.083167679205421
"927",-0.146839376635402,-0.0836136951705411
"928",-0.147618647938819,-0.0842403818830789
"929",-0.148423941898803,-0.084833257618805
"930",-0.149246229526256,-0.0854023297212111
"931",-0.150083263200709,-0.0859494810968222
"932",-0.150908052594471,-0.0865149211519443
"933",-0.151636963866216,-0.0871995293303377
"934",-0.1522970613901,-0.0879507092415191
"935",-0.152915460022171,-0.0887365738175455
"936",-0.153540223956236,-0.0895173875127965
"937",-0.154169948454089,-0.0902942060609815
"938",-0.154776217689699,-0.0910894655242716
"939",-0.155463184588276,-0.0918161542335959
"940",-0.156407700008547,-0.0921446213108956
"941",-0.157332354014272,-0.0925254296218572
"942",-0.158037010085892,-0.0932349786481614
"943",-0.158709229345383,-0.0939753307719299
"944",-0.159297050595876,-0.094784321610858
"945",-0.159887723782389,-0.0955912325023041
"946",-0.160723288895261,-0.0961406239312058
"947",-0.161678560377228,-0.0964363542065265
"948",-0.162637071755037,-0.0961512999334305
"949",-0.163622575226618,-0.0959816446726741
"950",-0.164606262544061,-0.0961615314745853
"951",-0.165557929581043,-0.0964686631250559
"952",-0.166417995698108,-0.0969788457142109
"953",-0.167252530513594,-0.0975298009226821
"954",-0.168071762434113,-0.0981032632670454
"955",-0.168910485714464,-0.0986478211234741
"956",-0.169757715535711,-0.099179047657063
"957",-0.170629410675317,-0.0996690962093388
"958",-0.17149291670478,-0.100173434723712
"959",-0.172330678291502,-0.100719470916482
"960",-0.173146074879153,-0.101298373675887
"961",-0.173925346182569,-0.101925060388425
"962",-0.174682060969783,-0.102578805545816
"963",-0.175414702331369,-0.103259420440814
